Datenquelle;Titel;Link;Beschreibung;Tags;;;;;;;;;;;;
ÖBB;Geo Netz;https://data.oebb.at/oebb?dataset=uddi:77ce2fcf-1712-11e8-b619-a385d0a26832;Die Dateien Betriebsstellen und Streckenliste („…OGD_OEBB_GeoNetz.zip“) stellen einen Auszug der ÖBB-Infrastruktur AG-Daten des „Intermodales Verkehrsreferenzsystems Österreich (GIP.at)“ und der Graphenintegrations-Plattform GIP (http://www.gip.gv.at/gipat.html) dar.;Geo;Infrastruktur;Betriebsstellen;Haltestelle;Koordinaten;;;;;;;;
ÖBB;NetEx GeoDaten;https://data.oebb.at/oebb?dataset=uddi:81eebc23-5ed7-11eb-abfe-fa88ed1e8fb5;Die Daten im Netexformat sind noch unvollständig und spiegeln nur eine Submenge der Daten im Shape-/Excelformat wieder und dienen aktuell lediglich als Proof of Concept;-;Infrastruktur;Betriebsstellen;Haltestelle;Koordinaten;;;;;;;;
ÖBB;Soll Fahrplan GTFS;https://data.oebb.at/oebb?dataset=uddi:cd36722f-1b9a-11e8-8087-b71b4f81793a;Soll Fahrplan der ÖBB Züge im Format GTFS;Fahrplan;Fahrplan;Sollfahrplan;;;;;;;;;;
ÖBB;Soll Fahrplan NetEx;https://data.oebb.at/oebb?dataset=uddi:909383d3-3e19-11ea-b520-917fc34d18a9;Soll Fahrplan der ÖBB Züge im Format NetEx (netex-cen.eu);Fahrplan;Fahrplan;Sollfahrplan;;;;;;;;;;
ÖBB;Vertriebsstellen;https://data.oebb.at/oebb?dataset=uddi:5be16257-003b-11e8-bd01-8d632f4d6e02;Die Daten enthalten eine Liste aller Bahnhöfe der ÖBB-Personenverkehr AG sowie externe Vertriebspartner mit ÖBB Ticketverkauf.;Vertriebsstelle;Bahnhof;Ticket;;;;;;;;;;
DB;Reisezentren;https://data.deutschebahn.com/dataset/data-reisezentren.html;Die Reisezentren enthalten eine Liste der Verkaufsstellen inkl. Adressen, Koordinaten und Öffnungszeiten.;Koordinaten Oeffnungszeiten Reisezentrum Stammdaten;Verkaufsstelle;Reisezentrum;Koordinaten;;;;;;;;;
DB;Zugbildungsplan A -Reihung- (ZpAR);https://data.deutschebahn.com/dataset/zugbildungsplanzugbildungsplan-zpar.html;Darstellung der Wagenreihung der Züge der DB Fernverkehr AG;Fernverkehr Wagenreihung Zug;Fernverkehr;Zug;Wagenreihung;;;;;;;;;
DB;Ist-Verkehrsdaten der DB Cargo auf Bst8-Ebene;https://data.deutschebahn.com/dataset/ist-verkehrsdaten-der-db-cargo-auf-bst8-ebene.html;Die hier gelieferten Daten stellen die Anzahl der Zugfahrten und Verspätungsminuten pro Tag und Betriebsstelle dar. Berücksichtigt wurden alle Bst, über die mindestens 10 Zugfahrten stattfanden.;Betriebsstelle Logistik;Logistik;Betriebsstellen;Zugfahrt;Verspätung;;;;;;;;
DB;Betriebsstellenverzeichnis Güterverkehr;https://data.deutschebahn.com/dataset/betriebsstellen-gueterverkehr.html;Die hier gelieferten Daten stellen die Betriebsstellen der DB Cargo AG mit Geopositionen dar.;Betriebsstelle Logistik Stammdaten;Logistik;Betriebsstellen;Messpunkt;Pünktlichkeit;Koordinaten;;;;;;;
DB;Haltestellendaten;https://data.deutschebahn.com/dataset/data-haltestellen.html;Übersicht Haltestellen DB Station&Service AG;Bahnhof DS100 EVA-Nr. Haltestelle Koordinaten Stammdaten;Infrastruktur;Haltestelle;Koordinaten;;;;;;;;;
DB;Strecken und Bauwerke nach INSPIRE;https://data.deutschebahn.com/dataset/data-streckennetz.html;Schienenverkehrsnetz gemäß INSPIRE der DB Netz AG.;Bahnhof Bahnuebergang Bauwerk Haltestelle Koordinaten Stammdaten Station Streckennetz Tunnel;Infrastruktur;Betriebsstellen;Brücken;Tunnel;Bahnübergänge;Straßenüberführung;Schutzwände;Schutzwandtüren;Kilometerpunkten;Kilometrierungssprünge;;Koordinaten
DB;Fahrzeuglexikon;https://data.deutschebahn.com/dataset/fahrzeuglexikon.html;Fahrzeuglexikon für den Fernverkehr. Das Lexikon stellt in übersichtlicher Form alle kundenrelevanten Daten und Fakten unserer Zug-flotte vor und gibt mit farblich gestalteten Fahrzeuggrundrissen einen visuellen Eindruck in unser Zugangebot.;Fernverkehr Zug;Fahrzeug;Fernverkehr;Zug;;;;;;;;;
DB;Geo-Brücke;https://data.deutschebahn.com/dataset/geo-bruecke.html;Geoinformationen zu Brücken des Schienenverkehrsnetzes.;Brücke DB Netz Geo Stammdaten;Infrastruktur;Brücken;Koordinaten;;;;;;;;;
DB;Trassenfinder API;https://data.deutschebahn.com/dataset/api-trassenfinder.html;Die Trassenfinder OpenAPI erlaubt es Anwendern, aufbauend auf den Funktionalitäten des Trassenfinder, Routensuchen für das in Deutschland vorliegende Schienennetz durchzuführen.;-;Infrastruktur;Route;Preisauskunft;;;;;;;;;
DB;Sprachenmanagement - Fachbegriffe;https://data.deutschebahn.com/dataset/sprachenmanagement.html;Für konzernweite sprachliche Konsistenz. Eine einheitliche Verwendung von Sprache, gewinnt mit der Internationalisierung an Bedeutung – besonders in der zweiten Konzernsprache Englisch. Das DB Language Portal hilft bei der Übersetzung eisenbahn- und konzernspezifischer Wörter. Veraltete Datensätze entfernt - Eine Aktualisierung ist in Prüfung.;Bahn Fachwissen Fachwörter Glsosare Sprache;Glossar;Sprache;Übersetzung;;;;;;;;;
DB;Geo-Betriebsstelle;https://data.deutschebahn.com/dataset/geo-betriebsstelle.html;Geoinformationen zu den Betriebsstellen des Schienenverkehrsnetzes.;Betriebsstelle DB Netz Geo Stammdaten;Infrastruktur;Betriebsstellen;Koordinaten;;;;;;;;;
DB;Aufzugsdaten;https://data.deutschebahn.com/dataset/data-aufzug.html;Übersicht Aufzüge DB Station&Service AG.;Aufzug Koordinaten Stammdaten;Bahnhof;Rolltreppen;Haltestelle;Aufzug;Koordinaten;;;;;;;
DB;Stationsdaten (RNI);https://data.deutschebahn.com/dataset/data-stationsdaten-regio.html;Die Stationsdaten enthalten eine Liste der Bahnhöfe von DB RegioNetz Infrastruktur GmbH inkl. Aufgabenträger.;Bahnhof Stammdaten Station;Bahnhof;Haltestellen;Haltestelle;Koordinaten;;;;;;;;
DB;Bahnsteigdaten (RNI);https://data.deutschebahn.com/dataset/data-bahnsteig-regio.html;Die Bahnsteigdaten (RNI) enthalten Informationen über Bahnsteighöhe und -länge.;Bahnhof Bahnsteig Stammdaten;Bahnhof;Bahnsteig;Haltestelle;Bahnsteig;;;;;;;;
DB;Geo-Kilometer;https://data.deutschebahn.com/dataset/geo-kilometer.html;Geoinformationen zu Kilometern des Schienenverkehrsnetzes.;DB Netz Geo Kilometer Stammdaten;Infrastruktur;Strecke;Kilometer;Koordinaten;;;;;;;;
DB;Geo-Streckennetz;https://data.deutschebahn.com/dataset/geo-strecke.html;Geoinformationen zu Strecken des Schienenverkehrsnetzes.;DB Netz Geo Stammdaten Strecke;Infrastruktur;Strecke;Kilometer;Koordinaten;;;;;;;;
DB;Geo-Tunnel;https://data.deutschebahn.com/dataset/geo-tunnel.html;Geoinformationen zu Tunnel des Schienenverkehrsnetzes.;DB Netz Geo Stammdaten Tunnel;Infrastruktur;Strecke;Kilometer;Tunnel;Koordinaten;;;;;;;
DB;Stationsdaten;https://data.deutschebahn.com/dataset/data-stationsdaten.html;Die Stationsdaten enthalten eine Liste der Bahnhöfe inkl. Adressen, Aufgabenträger und Link zu Betriebsstellen.;Adresse Bahnhof DS100 Stammdaten Station;Bahnhof;Haltestellen;Haltestelle;Adresse;;;;;;;;
DB;S-Bahn Stuttgart GTFS Fahrplandaten;https://data.deutschebahn.com/dataset/data-s-bahn-stuttgart-gtfs.html;GTFS Daten für Netz der S-Bahn Stuttgart. Sollfahrplan der S-Bahn Stuttgart im GTFS Format;GTFS S-Bahn Stuttgart;Fahrplan;Sollfahrplan;;;;;;;;;;
DB;Serviceeinrichtungen;https://data.deutschebahn.com/dataset/data-serviceeinrichtungen.html;Serviceeinrichtungen sind z.B. Abstell- und Zugbildungsanlagen.;DS100 Gleis Oberleitung Serviceeinrichtung Stammdaten Weiche;Infrastruktur;Betriebsstellen;Serviceeinrichtung;Weiche;;;;;;;;
DB;Geo-Bahnübergang;https://data.deutschebahn.com/dataset/geo-bahnuebergang.html;Geoinformationen zu Bahnübergängen des Schienenverkehrsnetzes.;Bahnübergang DB Netz Geo Stammdaten Uebergang;Infrastruktur;Strecke;Kilometer;Bahnübergang;Koordinaten;;;;;;;
DB;Bahnsteigdaten;https://data.deutschebahn.com/dataset/data-bahnsteig.html;Die Bahnsteigdaten enthalten Informationen über Bahnsteighöhe und -länge.;Bahnhof Bahnsteig Gleis Stammdaten;Bahnhof;Bahnsteig;Gleis;;;;;;;;;
DB;Betriebsstellenverzeichnis;https://data.deutschebahn.com/dataset/data-betriebsstellen.html;Das Betriebsstellenverzeichnis (DS 100) ist eine Liste aller “Betriebsstellen” der Deutschen Bahn.;Bahnhof Betriebsstelle Haltepunkt Stammdaten;;;;;;;;;;;;
DB;WIFI on ICE;https://data.deutschebahn.com/dataset/wifi-on-ice.html;Der vorliegende Extrakt beinhaltet Mess-Daten von allen zentralen Internet- Routern der ICE Flotte. In jedem ICE ist ein Router mit je 6 Modems verbaut, der über unterschiedliche Mobilfunknetzbetreiber eine Zug-Land-Verbindung herstellt. In den ICEs wird der Internet-Dienst über WLAN AccessPoints bereitgestellt. Die Daten sind anonymisiert und freigegeben.;Fernverkehr ICE WIFI;Fahrzeug;Fernverkehr;Zug;Router;Koordinaten;;;;;;;
DB;Wagenreihungsplan Soll-Daten;https://data.deutschebahn.com/dataset/data-wagenreihungsplan-soll-daten.html;Ein Wagenreihungsplan ist die grafische Darstellung der Fern- und Nahverkehrszüge eines Bahnhofes, die an einem Gleis ankommen bzw. abfahren. Der Plan gibt detailliert Auskunft über die einzelnen Wagen und an welcher Bahnsteigposition diese halten werden. Der Wagenreihungsplan ist eine große Hilfe für Bahnreisende jeglicher Art.;Bahnhof Solldaten Zug;Fahrzeug;Fernverkehr;Zug;Bahnhof;Gleis;Wagen;;;;;;
DB;Parkplätze API (Beta);https://data.deutschebahn.com/dataset/api-parkplatz.html;Diese API stellt Parkrauminformationen zu Parkeinrichtungen an Bahnhöfen zur Verfügung.;Bahnhof Belegungsplan Echtzeit Parkplatz Prognosedaten;Infrastruktur;Bahnhof;Parkplatz;Belegung;Echtzeit;Progonose;;;;;;
DB;Flinkster API;https://data.deutschebahn.com/dataset/flinkster-api.html;Die Flinkster API NG stellt eine Beauskunftungsschnittstelle von Mobilitätsdienstleistungen der Flinkster Plattform zur Verfügung. Sie ermöglicht die Suche nach Mietstandorten und verfügbaren Mietobjekten bspw. für Angebote aus dem Car- und Bikesharing.;CallaBike Echtzeit Flinkster Rent;Sharing;Multimodal;Car;;;;;;;;;
DB;ADAM (Vorgänger der FaSta-API);https://data.deutschebahn.com/dataset/api-adam.html;Betriebszustand von Aufzügen. (Wird durch erweiterte FaSta-API abgelöst und am 31.3.2017 abgeschaltet.);Aufzug Echtzeit Stammdaten Station;Bahnhof;Rolltreppen;Haltestelle;Rolltreppe;Zustand;;;;;;;
DB;StaDa - Stationsdaten;https://data.deutschebahn.com/dataset/stada-stationsdaten.html;Die API ermöglicht die Abfrage von Stationsdaten der DB Station & Service AG. Mit dem Anklicken von dem Button Mehr und dann Herunterladen werden Sie an das Developer Portal der Deutschen Bahn weiter geleitet.;Stammdaten Station;Infrastruktur;Zentrale;Haltestelle;;;;;;;;;
DB;FaSta - Station Facilities Status;https://data.deutschebahn.com/dataset/fasta-station-facilities-status.html;Die API ermöglicht die Abfrage des Betriebszustandes von Aufzügen und Rolltreppen in Bahnhöfen der DB Station & Service AG. Mit dem Anklicken von dem Button Mehr und dann Herunterladen werden Sie an das Developer Portal der Deutschen Bahn weiter geleitet.;Aufzug Echtzeit Rolltreppen Stammdaten;Bahnhof;Rolltreppen;Haltestelle;Aufzug;Zustand;;;;;;;
DB;Reisezentren-API;https://data.deutschebahn.com/dataset/api-reisezentrum.html;Die Reisezentren API enthält Daten der Verkaufsstellen inkl. Adressen, Koordinaten und Öffnungszeiten. Die Datengrundlage ist Äquivalent zum Datensatz Reisezentren;Koordinaten Oeffnungszeiten Reisezentrum Stammdaten;Verkaufsstelle;Reisezentrum;Koordinaten;;;;;;;;;
DB;Betriebsstellen-API;https://data.deutschebahn.com/dataset/api-betriebsstellen.html;Das Betriebsstellenverzeichnis (DS 100) ist eine Liste aller “Betriebsstellen” der Deutschen Bahn. Die Datengrundlage ist Äquivalent zum Datensatz Betriebsstellen;Bahnhof Betriebsstelle Haltepunkt Stammdaten;Infrastruktur;Betriebsstellen;;;;;;;;;;
DB;Ist-Verkehrsdaten der DB Cargo auf Bst8-Ebene;https://data.deutschebahn.com/dataset/api-cargo.html;Die hier bereitgestellte API stellt äquivalent zum Datensatz Ist-Verkehrsdaten der DB Cargo auf Bst8-Ebene die Anzahl der Zugfahrten und Verspätungsminuten pro Tag und Betriebsstelle dar. Berücksichtigt wurden alle Bst, über die mindestens 10 Zugfahrten stattfanden.;Betriebsstelle Logistik;Logistik;Betriebsstellen;Zugfahrt;Verspätung;;;;;;;;
DB;Fahrplan API;https://data.deutschebahn.com/dataset/api-fahrplan.html;Diese API stellt Fahrplandaten, im ersten Schritt den SOLL-Fahrplan des Fernverkehrs, zur Verfügung.;Abfahrtstafel Ankunftstafel Bahnhof Solldaten Zuglauf;Bahnhof;Abfahrt;Ankunft;Sollfahrplan;;;;;;;;
DB;Stuttgart 21 (Geodaten);https://data.deutschebahn.com/dataset/data-stuttgart21.html;Der Datensatz zu den Gleisanlagen beinhaltet den Verlauf der geplanten Gleisanlagen als Flächeninformation.; Geo Gleis Koordinaten Stuttgart 21 Webcam;;;;;;;;;;;;
DB;Luftschadstoffkataster;https://data.deutschebahn.com/dataset/luftschadstoffkataster.html;Luftschadstoffkataster Luft2500 V NOX und PM10. Auszug aus dem Bahn-Emissionskatasters Schienenverkehr („BEKS“) zum Luftqualitätsmonitoring.;Business Umwelt;;;;;;;;;;;;
DB;Sensordaten Seefrachtcontainer;https://data.deutschebahn.com/dataset/data-sensordaten-schenker-seefrachtcontainer.html;Die Daten enthalten Standort- und Sensordaten aus der Seefracht Containerlogistik. (Auszug);Logistik Schenker Sensor;;;;;;;;;;;;
DB;Netzradar;https://data.deutschebahn.com/dataset/data-netzradar.html;Die Daten bestehen aus dem Fernstreckennetz (aus OpenStreetMap), das in 500m-lange Streckenabschnitte zerteilt ist. Zu jedem der Streckenabschnitten sind in Form von Attributen Informationen zur Mobilfunktabdeckung angegeben.;Business, Mobilfunk ;;;;;;;;;;;;
DB;Carsharing;https://data.deutschebahn.com/dataset/data-flinkster.html;Reportingdaten zu Flinkster. Dokmentation zur Datenlieferung: 20170516_Doku;Business, Carsharing, DB Connect;Sharing;Auto;;;;;;;;;;
DB;Call A Bike;https://data.deutschebahn.com/dataset/data-call-a-bike.html;Reportingdaten zu Call-a-Bike, inkl. CaB-Daten von Konrad Kassel und Stadtrad Hamburg, exkl. Daten weiterer Partner.;Business , Call A Bike;Sharing;Fahrrad;;;;;;;;;;
DB;Call a Bike Stationen;https://data.deutschebahn.com/dataset/data-call-a-bike/resource/2bde4e1e-21b1-4494-8848-5eeac389d497.html;Informationen zu Stationen für Call a Bike;;Sharing;Fahrrad;ein Bsp für viele;;;;;;;;;
DB;CO2-Emissionen des Zugverkehrs in Deutschland;https://data.deutschebahn.com/dataset/co2-emissionen-zugverkehr.html;"CO2-Emissionen des Zugverkehrs in Deutschland (ohne Rangieren). CO2-Emissionen des Schienenverkehrs in Deutschland (in kg/Jahr; direkte+indirekte Emissionen, DB+Dritte sowie Elektrotraktion+Dieseltraktion) in räumlicher Auflösung in Form von Summenwerten innerhalb eines 2500m x2500m Rasters. Auszug aus dem Bahn-Emissionskatasters Schienenverkehr („BEKS“) zum Luftqualitäts- und Klimaschutzmonitoring";Business CO2 Klimaschutz Schienenverkehr Umwelt;;;;;;;;;;;;
DB;S-Bahn Stuttgart RIS-Archiv-Daten;https://data.deutschebahn.com/dataset/data-s-bahn-stuttgart-ris-archiv-daten.html;RIS-Archivdaten S-Bahn Stuttgart. Archiv-Datensätze CSV zu Soll-, Ist- und berechneter Prognose Fahrten S-Bahn-Stuttgart für den Zeitraum 01.09.-19.10.2017 Stand: 20. Oktober 2017;Station Stuttgart;;;;;;;;;;;;
DB;Passagierzählung S-Bahn Hamburg;https://data.deutschebahn.com/dataset/passagierzahlung-s-bahn-hamburg.html;Daten zu Ein- und Aussteigern an den Hamburger S-Bahn Stationen aus Zählfahrten. (Rohdaten aus den Meßfahrten - exemplarische Werte, keine Gesamtpassagierzahlen). Zeitraum 11.12.2016 - 31.03.2017 und Vergleichzeitraum 13.12.2008 - 31.03.2009. Stand: Oktober 2017;Hamburg Station;;;;;;;;;;;;
SBB;Park and Ride Rapperswil;https://data.sbb.ch/explore/dataset/park-ride-rapperswil;"
";;Infrastruktur;Parkplätze;;;;;;;;;;
SBB;Park and Rail Sale App – 2018;https://data.sbb.ch/explore/dataset/parkrail-sale-app-2018;"
";"
";Infrastruktur;Parkplätze;;;;;;;;;;
SBB;Park and Rail Burgdorf;https://data.sbb.ch/explore/dataset/parkrail-burgdorf;"
";"
";Infrastruktur;Parkplätze;;;;;;;;;;
SBB;Special Train - Polyhack;https://data.sbb.ch/explore/dataset/special-train-polyhack;"<p>This Dataset includes all Special Trains from 1.1.2018 to the 10.10.2020. It is dedicated to the Polyhack. <br/>The Source of the information is <a href=""https://data.sbb.ch/explore/dataset/ist-daten-sbb/"" target=""_blank"">https://data.sbb.ch/explore/dataset/ist-daten-sbb/</a> </p>";traffic;Weiterbildung;Testdatensatz;;;;;;;;;;
SBB;Park and Rail Sale App – history;https://data.sbb.ch/explore/dataset/parkrail-sale-app-history;"
";"
";Infrastruktur;Parkplätze;;;;;;;;;;
SBB;findmytrain;https://data.sbb.ch/explore/dataset/findmytrain;<p>This dataset is only for test purpose.</p>;"
";Weiterbildung;Testdatensatz;;;;;;;;;;
SBB;Bilder von Bahnhöfen;https://data.sbb.ch/explore/dataset/bilder-von-bahnhofen;<p>Bilder von Bahnhöfen</p><p>Pictures of railwaystations</p>;Bahnhof,Immobilien;Bahnhof;Bilder;;;;;;;;;;
SBB;Beacons SBB Bahnhöfe;https://data.sbb.ch/explore/dataset/beacons-sbb-bahnhofe;<p>Koordinaten und Standorte der Beacons in den SBB Bahnhöfen Basel, Zürich, Genf, Luzern und Bern.</p><p>Die Genauigkeit der Beacon Technologie erlaubt keine präzise Navigation. Die SBB lehnt jede Haftung dabei ab.</p><p>Coordinates and locations of the beacons in the SBB stations Basel, Zurich, Geneva, Lucerne and Bern.</p><p>The accuracy of Beacon technology does not allow precise navigation. SBB declines any liability.</p><p><strong></strong><u></u><sub></sub><sup></sup><del></del></p>;Infrastruktur,Bahnhof;Infrastruktur;Betriebsstellen;;;;;;;;;;
SBB;Haltestelle: Lichtstelen;https://data.sbb.ch/explore/dataset/lichtstelen;<p>Platzleuchten, die als Erkennungszeichen einer SBB-Haltestelle dienen. </p><p>Square luminaires that serve as a distinguishing mark of an SBB stop. </p><p>Wöchentlicher/Weekly Update.<br/></p>;Infrastruktur,Bahnhof;Infrastruktur;Betriebsstellen;Haltestelle;;;;;;;;;
SBB;Haltestelle: Uhr;https://data.sbb.ch/explore/dataset/haltestelle-uhr;<p>Ausgabe Standort der Uhren an den Betriebspunkten der SBB.</p><p>Edition Location of the clocks at the SBB operating points.</p><p>Wöchentlicher/weekly Update.<br/></p>;Infrastruktur,Bahnhof;Infrastruktur;Betriebsstellen;;;;;;;;;;
SBB;Jahresformation – 2018;https://data.sbb.ch/explore/dataset/jahresformation-2018;"<p>Datenset ist nur bis zum Fahrplanwechsel so vorhanden -&gt; dann wird der Inhalt im Bestehenden drin sein.";Verkehr,Rollmaterial;Fahrplan;Jahresinformation;;;;;;;;;;
SBB;Generalabo / Halbtax;https://data.sbb.ch/explore/dataset/generalabo-halbtax;"<p><span style=""font-family: inherit; font-size: 0.833rem;"">Die vierstelligen Postleitzahlen beziehen sich auf die im amtlichen Ortschaftenverzeichnis angegebenen Postleitzahlen: </span><a href=""https://www.cadastre.ch/de/services/service/plz.html"" style=""background-color: rgb(255, 255, 255); font-size: 0.833rem;"">https://www.cadastre.ch/de/services/service/plz.html</a><span style=""font-family: inherit; font-size: 0.833rem;""> Institutionelle Postleitzahlen, die im Ortschaftenverzeichnis nicht angegeben sind, wurden einer Postleitzahl mit räumlichem Bezug zugeordnet (bspw. 3000 Bern 65 zu 3014 Bern). Eine Zuordnung zu den Gemeinden ist unter Verwendung der GWR-Korrespondenztabelle zwischen Postleitzahl und Gemeinde des Bundesamtes für Statistik möglich: </span><a href=""https://www.bfs.admin.ch/bfs/de/home/grundlagen/agvch/gwr-korrespondenztabelle.html"" style=""background-color: rgb(255, 255, 255); font-size: 0.833rem;"">https://www.bfs.admin.ch/bfs/de/home/grundlagen/agvch/gwr-korrespondenztabelle.html</a><br/></p><p>Letzter Update 31.03.2021 mit Daten 2020</p><p>The four-digit postal codes refer to the postal codes listed in the official register of localities: <a href=""https://www.cadastre.ch/de/services/service/plz.html"">https://www.cadastre.ch/de/services/service/plz.html</a> Institutional postal codes that are not listed in the list of localities have been assigned to a postal code with spatial reference (e.g. 3000 Bern 65 to 3014 Bern). An assignment to the municipalities is possible using the GWR correspondence table between postal code and municipality of the Federal Statistical Office: <a href=""https://www.bfs.admin.ch/bfs/de/home/grundlagen/agvch/gwr-korrespondenztabelle.html"" target=""_blank"">https://www.bfs.admin.ch/bfs/de/home/grundlagen/agvch/gwr-korrespondenztabelle.html</a><a href=""https://www.bfs.admin.ch/bfs/de/home/grundlagen/agvch/gwr-korrespondenztabelle.html""></a></p><p>Last Update 31.3.2021 with data 2020</p><p></p><table border=""0"" cellpadding=""0"" cellspacing=""0"" style=""width: 780pt;"" width=""1040"">";Verkehr;Verkehr;Abonnemente;;;;;;;;;;
SBB;Regionaler Linienplan;https://data.sbb.ch/explore/dataset/regionaler-linienplan;<p></p><p>Visuelle Aufbereitung der Bahnstrecken einer Region, meist ein S-Bahnnetz.</p><div>Letzter Update/Last Update: März 2020<br/></div><div><br/></div><div>Visual processing of the railway lines of a region, usually an S-Bahn network.<br/></div> <p></p><p><br/></p>;Verkehr;Fahrplan;Linien;;;;;;;;;;
SBB;Haltestelle: Equipement;https://data.sbb.ch/explore/dataset/equipement;"<p>Listet die Ausrüstung des Bahnhofs für das Barrierefreie Reisen auf.</p><p>Die Daten sind ein Auszug aus den operativen Systemen und zeigt alle Bahnhöfe welche SBB Infrastruktur gehören.</p><p><br/></p><p><span style=""font-size: 12.495px;"">Lists the equipment of the station for barrier-free travel.</span></p><p><span style=""font-family: inherit;"">The data is an excerpt from the operational systems and shows all stations owned by SBB Infrastructure.</span><br/></p>";Dienstleistung;Infrastruktur;Accessibility;;;;;;;;;;
SBB;Regionale Fahrpläne;https://data.sbb.ch/explore/dataset/regionale-fahrplane;<p>Taschenfahrplan</p><p>In den Regionen wird eine spezielle Aufbereitung der Fahrplandaten gemacht, so dass der öffentliche Verkehr handlich in einem Büchlein dargestellt werden kann.</p><p>Es werden nur Dokumente zum Download angeboten, welche durch die SBB produziert werden.</p><p>Aus technischen Gründen können wir diese Dokumente derzeit leider nicht für alle Bahnhöfe und Haltestellen der Schweiz anbieten.</p><p>Letzter Update/Last Update: Januar 2020<br/></p><p>In the regions a special preparation of the timetable data is made, so that the public traffic can be represented handy in a booklet.</p><p>Only documents produced by SBB are available for download.</p><p>For technical reasons, we cannot currently offer these documents for all stations and stops in Switzerland.</p>;Verkehr;Fahrplan;Taschenfahrplan;;;;;;;;;;
SBB;LoRa@Station;https://data.sbb.ch/explore/dataset/lorastation;<p>Liste aller Bahnhöfe, die bereits mit LoRa ausgestattet sind oder demnächst ausgestattet werden. </p><p>List of all train stations that are already or will soon be connected with LoRa.</p>;Infrastruktur,Bahnhof;Bahnhof;LoRa;;;;;;;;;;
SBB;Haltestelle: visuell taktile Sicherheitslinie;https://data.sbb.ch/explore/dataset/haltestelle-visuell-taktile-sicherheitslinie;<p>Eine Taktile Leitlinie ermöglicht es blinden und sehbehinderten Menschen sich selbstständig im öffentlichen Raum zu bewegen.</p><p>Der Bereich zwischen den äusseren Rändern der taktil-visuellen Sicherheitslinien (Leitlinie) ist der sichere Bereich, in denen sich die Reisenden gefahrenfrei aufhalten können.</p>;Infrastruktur,Bahnhof,Barrierefrei;Infrastruktur;Accessibility;;;;;;;;;;
SBB;Park and Rail Sale backend;https://data.sbb.ch/explore/dataset/parkrail-sale-backend;"
";"
";Infrastruktur;Parkplätze;;;;;;;;;;
SBB;Haltestelle: Billettautomat;https://data.sbb.ch/explore/dataset/billetautomat;"<p>Standorte der Billettautomaten der SBB. An den  Ticketautomaten der SBB können neben Bahntickets weitere Produkte bezogen werden.</p><p>Diese enthalten </p><p>- Prepay Guthaben für Mobiltelefone</p><p>- Prepay Guthaben für paysafe</p><p>- Kauf von Bitcoins</p><p><a href=""http://www.sbb.ch/bahnhof-services/am-bahnhof/dienstleistungen-am-bahnhof/billettautomat.html"">http://www.sbb.ch/bahnhof-services/am-bahnhof/dienstleistungen-am-bahnhof/billettautomat.html</a></p><p>Locations of SBB ticket vending machines. In addition to rail tickets, other products can be purchased at SBB ticket machines.</p><p><p>These include </p><p>- Prepay credit for mobile phones</p><p>- Prepay credit for paysafe</p><p>- Purchase of Bitcoins</p><p><a href=""http://www.sbb.ch/bahnhof-services/am-bahnhof/dienstleistungen-am-bahnhof/billettautomat.html"">http://www.sbb.ch/bahnhof-services/am-bahnhof/dienstleistungen-am-bahnhof/billettautomat.html</a></p></p>";Infrastruktur,Verkehr,Dienstleistung,Bahnhof;Bahnhof;Ticket;;;;;;;;;;
SBB;Jahresabonnemente;https://data.sbb.ch/explore/dataset/verbunde;"<p>Liste mit Anzahl der sich im Umlauf befindenden Jahresverbundabonnemente je Verbund zusammengefasst nach PLZ des Wohnsitzes des Bezügers. </p><p>Letzter Update per 31.03.2021 mit Daten 2020</p><p>Nicht enthalten sind Angaben zu den Verbünden: <br/>Frimobil<br/>Unireso<br/>Mobilis </p><p>Erläuterungen zu den Spaltenbezeichnungen: </p><table><tbody><tr><td>Jahr_An_Anno</td><td>Jahr des Stichdatums des Datenauszugs. Der Datenauszug erfolgt jeweils in Woche 52 des Bezugsjahres.</td></tr><tr><td>PLZ_NPA </td><td>Vierstellige Postleitzahl gemäss Ortschaftenverzeichnis von cadastre.ch.</td></tr><tr><td>Verbund_Communaute_Comunita</td><td>Verbund</td></tr><tr><td>Anzahl_Nombre_Quantita</td><td>Anzahl Abonnemente im Umlauf per Stichdatum. (Jahresabonnemente)</td></tr><tr><td>Flag</td><td>Falls 3: Angegeben ist aus Datenschutzgründen der Mittelwert der Anzahl Abonnemente über alle PLZ-Kreise, die in der ersten PLZ-Zahl übereinstimmen und weniger als 20 Abonnemente ausweisen.<br/></td></tr></tbody></table><p>List with the number of annual group subscriptions in circulation per group, summarised by the postal code of the recipient's place of residence.</p><p> </p><p>Last update per 13.03.2020 with data 2019</p><p><span style=""font-family: inherit; font-size: 0.833rem;"">Not included are details of the associations: </span><br/></p><p>Frimobil<br/>Unireso<br/>Mobilis</p><strong></strong><p><strong><br/></strong></p>";Verkehr,Infrastruktur;Verkehr;Abonnemente;;;;;;;;;;
SBB;Haltestelle: Billettentwerter;https://data.sbb.ch/explore/dataset/billetentwerter;<p>Zeigt Billettentwerter der SBB.</p><p>Shows ticket validators from SBB.</p>;Infrastruktur,Verkehr,Dienstleistung;Bahnhof;Ticket;;;;;;;;;;
SBB;Haltestelle: Wartehallen;https://data.sbb.ch/explore/dataset/haltestelle-wartehallen;"<p>Detailinformationen zu den Wartehallen an den Betriebspunkten mit Verwaltung ""SBB CFF"" angezeigt (Mengengerüst SBB).</p><p>Wöchentlicher / Weekly Update. </p><p>Detailed information on the shelters at the operating points is displayed with ""SBB CFF"" administration (SBB quantity structure).<br/></p>";Infrastruktur,Bahnhof;Infrastruktur;Wartehallen;;;;;;;;;;
SBB;Anzahl SBB-Bahnhofbenutzer;https://data.sbb.ch/explore/dataset/anzahl-sbb-bahnhofbenutzer;<p></p><p>Anzahl SBB-Bahnhofbenutzer. D.h. Personen, die den Bahnhof frequentieren, nicht gleich Benützer von Transportleistungen.</p><p>Letzter Update: 13.3.2020 mit Daten 2019</p><p></p><p></p><p>Number of SBB station users. I.e. persons using the station do not immediately use transport services.</p><p>Last update per 13.03.2020 with data 2019<br/></p><p></p><p></p><p></p>;Dienstleistung,Bahnhof;Verkehr;Bahnhofsbenutzer;;;;;;;;;;
SBB;Brücken;https://data.sbb.ch/explore/dataset/brucken;<p>Die Brücke ist ein Bauwerk, das über eine Strasse oder über ein Hindernis führt. Eine kleine Brücke bis 2 Meter wird als Durchlass bezeichnet. Brücken werden als Gesamtobjekt bestehend aus einzelnen Brückenbaueinheiten abgebildet. </p><p>Letzter/last Update März 2020</p><p><p>The bridge is a structure that crosses a road or an obstacle. A small bridge up to 2 meters is called a passage. Bridges are represented as a complete object consisting of individual bridge construction units.</p><p></p><p></p></p>;Infrastruktur;Infrastruktur;Brücken;;;;;;;;;;
SBB;Notausgang entlang Strecke;https://data.sbb.ch/explore/dataset/notausgang-entlang-strecke;<p>Notausgänge entlang der Strecken in Lärm- und Brandschutzwänden.</p><p>Emergency exits along the routes in noise and fire protection walls.</p><strong></strong>;Infrastruktur,Blaulicht;Infrastruktur;Notausgänge;;;;;;;;;;
SBB;Construction Site - Polyhack;https://data.sbb.ch/explore/dataset/construction-site;<p>shows as example what is planed to construct </p>;"
";Weiterbildung;Testdatensatz;;;;;;;;;;
SBB;Abfahrtsplakate;https://data.sbb.ch/explore/dataset/abfahrtsplakate0;"<p style=""margin: 0px 0px 1em; color: rgb(30, 30, 30); text-transform: none; text-indent: 0px; letter-spacing: normal; font-family: SBBWeb, Helvetica, Arial, sans-serif; font-size: 14px; font-style: normal; font-weight: 400; word-spacing: 0px; white-space: normal; box-sizing: border-box; orphans: 2; widows: 2; background-color: rgb(255, 255, 255); font-variant-ligatures: normal; font-variant-caps: normal; -webkit-text-stroke-width: 0px; text-decoration-style: initial; text-decoration-color: initial;"">Abfahrtsplakate der SBB Haltestellen. Aktualisierung erfolgt laufend. </p><p style=""margin: 0px 0px 1em; color: rgb(30, 30, 30); text-transform: none; text-indent: 0px; letter-spacing: normal; font-family: SBBWeb, Helvetica, Arial, sans-serif; font-size: 14px; font-style: normal; font-weight: 400; word-spacing: 0px; white-space: normal; box-sizing: border-box; orphans: 2; widows: 2; background-color: rgb(255, 255, 255); font-variant-ligatures: normal; font-variant-caps: normal; -webkit-text-stroke-width: 0px; text-decoration-style: initial; text-decoration-color: initial;""><font color=""#000000"" face=""Segoe UI"">Departure posters of the SBB stops. Updated on an ongoing basis. </font></p><p><br/></p>";Verkehr;Fahrplan;Abfahrtsplakat;;;;;;;;;;
SBB;Bauprojekte Infrastruktur;https://data.sbb.ch/explore/dataset/construction-projects;"<p>SBB-Baustellen an Bahnhöfen und entlang der Strecke.</p><p>Basierend auf den Informationen  <a href=""http://maps.trafimage.ch/#/ch.sbb.construction?lang=de"">http://maps.trafimage.ch/#/ch.sbb.construction?lan...</a></p><p>SBB construction sites at stations and along the line.</p><p>Based on the Information on <a href=""http://maps.trafimage.ch/#/ch.sbb.construction?lang=en"">http://maps.trafimage.ch/#/ch.sbb.construction?lan...</a></p>";Infrastruktur;Infrastruktur;Baustellen;;;;;;;;;;
SBB;Tunnel;https://data.sbb.ch/explore/dataset/tunnel;<p>Standort  der Bahntunnels der SBB. </p><p>Location   of SBB railway tunnels. <br/></p><p>Letzter / Last Update Oktober 2020<br/></p>;Infrastruktur;Infrastruktur;Tunnel;;;;;;;;;;
SBB;Öffnungszeiten Shops;https://data.sbb.ch/explore/dataset/offnungszeiten-shops;<p>Was für Geschäfte sind an welcher Haltestelle verfügbar und wann sind sie offen.      </p><p>Which shops are on which station avaiable and when are they open. </p><strong></strong>;Dienstleistung;Bahnhof;Einkaufen;;;;;;;;;;
SBB;Haltestelle: Halteorttafeln;https://data.sbb.ch/explore/dataset/halteort;<p>Listet den Standort der Halteorttafeln auf.</p><p>Lists the location of the stop boards.</p>;Infrastruktur;Infrastruktur;Halteorttafeln;;;;;;;;;;
SBB;Viastaziun;https://data.sbb.ch/explore/dataset/viastaziun;"<p>Viastaziun ermöglicht es einen Blick in den Bahnhof zu werfen, bevor man schon da ist. Wird in der Anwendung <a href=""https://www.viastaziun.ch"">https://www.viastaziun.ch</a> verwendet. Diese Übersicht zeigt auf, wo es schon Bilder hat.</p>";Infrastruktur,Bahnhof;Bahnhof;Fotos;;;;;;;;;;
SBB;Haltestelle: Rampe Treppe;https://data.sbb.ch/explore/dataset/rampe-treppe;<p>In diesem Datenset sind alle Treppen und Rampen zum Bahnzugang aufgelistet. Aufgeführt sind Treppen und Rampen von Bahnhöfen, Haltestellen und Betriebspunkten der SBB AG. Dabei kann es sich in Ausnahmefällen auch um Treppen und Rampen handeln, die einer anderen Infrastrukturbetreiberin gehören.</p><p>In this data set all stairs and ramps for railway access are listed. The list comprises stairs and ramps for stations, stops and operating points belonging to SBB AG. Exceptionally, stairs and ramps themselves may belong to other infrastructure managers.<br/></p><p><strong></strong><u></u><sub></sub><sup></sup><del></del></p>;Infrastruktur,Bahnhof;Bahnhof;Rolltreppen;;;;;;;;;;
SBB;Umsetzung behinderten Gleichstellung an Bahnhöfen;https://data.sbb.ch/explore/dataset/umsetzung-behinderten-gleichstellung-an-bahnhofen;<p>Klassifizierung der Bahnhöfe der SBB betreffend der Umsetzung des Behinderten Geleichstellungs Gesetz.</p><p>Für jeden Bahnhof ist festgehalten ob er bereits den BehiG Normen entspricht, wann er umgebaut werden soll oder ob er nicht umgebaut wird.</p><div>Classification of SBB stations regarding the implementation of the Disabled Equality Act.</div><div>For each station, it is recorded whether it already complies with the BehiG standards, when it is to be converted or whether it is not to be converted.</div>;Infrastruktur;Infrastruktur;Accessibility;;;;;;;;;;
SBB;SBB Mitarbeitende nach Arbeitskanton;https://data.sbb.ch/explore/dataset/sbb-mitarbeitende-nach-arbeitkanton;<p>Angaben zu Anzahl Mitarbeitende bei der SBB pro Kanton der Schweiz.</p><p> </p><p></p><p>Letzter Update per 31.03.2021 mit Daten 2020</p><p>Information on the number of SBB employees per canton in Switzerland.</p><p>Last update per 31.03.2021 with data 2020<br/></p><p></p>;"
";Unternehmen;Mitarbeitende;;;;;;;;;;
SBB;Soll/Ist Vergleich Abfahrts-/Ankunftszeiten SBB (Vortag) – Zugersee;https://data.sbb.ch/explore/dataset/sollist-vergleich-abfahrts-ankunftszeiten-sbb-vortag-zugersee;"<p>Der Soll/Ist Vergleich der Abfahrts-/Ankunftszeiten SBB (Vortag) – Zugersee: sind Daten des vorangehenden Tages. Die Daten stammen von <a href=""https://www.opentransportdata.swiss"">https://www.opentransportdata.swiss</a></p><p>Target/Actual Comparison of departure/arrival times SBB (previous day) - Zugersee: are data from the previous day. The data comes from <a href=""https://www.opentransportdata.swiss/""><u><font color=""#0066cc"">https://www.opentransportdata.swiss</font></u></a></p>";Verkehr;Fahrplan;Sollfahrplan;;;;;;;;;;
SBB;Haltestelle: Öffnungszeiten;https://data.sbb.ch/explore/dataset/haltestelle-offnungszeiten;<p>Öffnungszeiten der Dienste am Bahnhof.</p><p>Diese Angaben werden ergänzt durch den Datensatz Haltestelle: Feiertage.</p><p>Opening hours of the services at the station.</p><p>This information is supplemented by the data record Haltestelle: Feiertage.</p>;Bahnhof,Immobilien,Dienstleistung;Bahnhof;Öffnungszeiten;;;;;;;;;;
SBB;Linie (Kilometierungspunkte);https://data.sbb.ch/explore/dataset/linienkilometrierung;<p>Bildet die Kilometrierung des SBB Streckennetz ab. Diese Kilometrierung ist mittels Tafeln an der Strecke signalisiert</p>;Blaulicht;Infrastruktur;Strecke;;;;;;;;;;
SBB;Haltestelle: Feiertage;https://data.sbb.ch/explore/dataset/feiertage;<p>Öffnungszeiten der Dienste am Bahnhof während der Feiertage.  </p><p>Diese Angaben verstehen sich als Ergänzung zum Datensatz Haltestelle: Öffnungszeiten.</p><p>Opening hours of the services at the station during the holidays.</p><p>This information is intended as a supplement to the Haltestelle: Öffnungszeiten dataset.</p>;Bahnhof,Immobilien,Dienstleistung;Bahnhof;Öffnungszeiten;;;;;;;;;;
SBB;graphischer Fahrplan;https://data.sbb.ch/explore/dataset/graphischer-fahrplan;<p>graphischer Fahrplan einer Linie</p>;Verkehr;Fahrplan;Grafisch;;;;;;;;;;
SBB;Haltestelle: Gepäck;https://data.sbb.ch/explore/dataset/gepack;<p>Wann kann welches Gepäck an einer Haltestelle aufgegeben werden.</p><p>When can which luggage be checked in at a stop?</p><p><br/></p><p><strong></strong><u></u><sub></sub><sup></sup><del></del></p>;Dienstleistung;Bahnhof;Gepäckaufgabe;;;;;;;;;;
SBB;Ausrüstung Reisezugwagen (Rollmaterial);https://data.sbb.ch/explore/dataset/rollmaterial;<p>Beschreibung der Ausrüstung der Reisezugwagen (Fahrzeug Struktur: 10,13,15,17,20), welche im Eigentum der SBB sind.</p><p>Um den Fahrzeug-Typ mit der Jahresformation zu verknüpfen kann über die Datei Typumschlüsselung die notwendige Information bezogen werden.</p><p>Datenabzug / Data deduction per: 31.12.2019<br/></p><p><br/></p><p>Description of the equipment of passenger coaches owned by SBB.</p><p>In order to link the vehicle type with the annual formation, the necessary information can be obtained via the file Type conversion.<br/></p><p></p>;Verkehr,Rollmaterial;Fahrzeug;Ausrüstung;;;;;;;;;;
SBB;Linie (Betriebspunkte);https://data.sbb.ch/explore/dataset/linie-mit-betriebspunkten;<p>Verlauf einer Linie anhand der Betriebspunkte.</p><p>Course of a line based on the operating points.</p><strong></strong>;Infrastruktur,Verkehr;Infrastruktur;Betriebsstellen;;;;;;;;;;
SBB;Linie (graphisch);https://data.sbb.ch/explore/dataset/linie-mit-polygon;<p>bildet die Linien der SBB als geometrische Linie ab.</p>;Blaulicht;Infrastruktur;Strecke;Linie;Koordinaten;;;;;;;;
SBB;Züge pro Streckenabschnitt;https://data.sbb.ch/explore/dataset/zugzahlen;<p></p><p>Der Datensatz umfasst nur die Streckenabschnitte, die zum Normalspurstreckennetz des Konzerns SBB gehören (Infrastruktur SBB, Sensetalbahn, Thurbo). Streckenabschnitte, die von anderen Infrastrukturbetreibern bewirtschaftet werden, beispielsweise der BLS Netz AG, der Deutschen Bahn AG (DB) oder der Rhätischen Bahn AG (RhB), sind nicht enthalten.</p>Letzter Update/Last Update: 31.3.2021 mit Daten aus with data 2020<p></p><p><br/></p><p>The data set includes only those sections of the SBB Group's standard gauge rail network (SBB Infrastructure, Sensetalbahn, Thurbo). Route sections managed by other infrastructure managers such as BLS Netz AG, Deutsche Bahn AG (DB) or Rhätische Bahn AG (RhB) are not included.</p><p><br/></p><p><br/></p>;Verkehr;Infrastruktur;Strecke;;;;;;;;;;
SBB;Bahnübergang;https://data.sbb.ch/explore/dataset/bahnubergang;"<p>Bahnübergänge sind niveau-gleiche Gleisquerungen, die<br/> Signaltechnisch gesichert; mit Blinklicht/Schranken oder mit Verkehrsregelungsanlage oder ungesichert sind. Die Daten geben ausschliesslich das SBB AG-Streckennetz wieder. Die Daten unterliegen einer wöchentlichen Aktualisierung und Vervollständigung. </p><p><br/></p><p>Level crossings are track crossings of the same level, which<br/> are secured with flashing/barriers or with traffic control systems or unsecured. The data reflect exclusively the SBB AG route network.  The data are updated and completed on a weekly basis.</p>";Infrastruktur;Infrastruktur;Bahnübergänge;;;;;;;;;;
SBB;Bauprojekte Immobilien;https://data.sbb.ch/explore/dataset/bauprojekte-immobilien;<p>Informationen zu laufenden Bauprojekte der SBB Immobilien.</p><p>Die Aktualisierung erfolgt täglich.</p><p><p>Information on current construction projects of SBB Immobilien.</p><p>Updating is done daily.</p></p>;Immobilien;Infrastruktur;Baustellen;;;;;;;;;;
SBB;Anzahl Züge pro Haltestelle;https://data.sbb.ch/explore/dataset/anzahl-zuge-pro-haltestelle;<p>Anzahl der SBB Züge die an einer Haltestelle an einem bestimmten Betriebstag gehalten haben. Die Daten sind ein Zusammenzug aus dem Datensatz: https://data.sbb.ch/explore/dataset/ist-daten-sbb/information/</p><p><br/></p>;Infrastruktur;Bahnhof;Zughalte;;;;;;;;;;
SBB;Aufzugsstammdaten;https://data.sbb.ch/explore/dataset/aufzugsstammdaten;<p>Stammdaten zu den Liften und Rolltreppen der SBB</p><p>Master data on SBB lifts and escalators</p><p><strong></strong><u></u><sub></sub><sup></sup><del></del></p>;Infrastruktur,Barrierefrei,Immobilien;Bahnhof;Rolltreppen;;;;;;;;;;
SBB;Park and Rail Sale App;https://data.sbb.ch/explore/dataset/parkrail-sale-app;"
";"
";Infrastruktur;Parkplätze;;;;;;;;;;
SBB;Rollmaterial - Matching;https://data.sbb.ch/explore/dataset/rollmaterial-matching;<p>Die beiden Dateien Rollmaterial und Jahresformation beinhalten beide den Fahrzeugtyp. Mithilfe der Liste können diese beiden Dateien zusammen verknüpft werden</p>;Verkehr,Rollmaterial;Fahrzeug;;;;;;;;;;;
SBB;Haltestelle: Perronoberfläche;https://data.sbb.ch/explore/dataset/perronoberflache;"<div>Die Perronoberfläche ist die begehbare Fläche des Perronkörpers, sie wird in der Regel durch die Perronkante gegen das Gleis abgeschlossen. </div><div><br/></div><div>The platform surface is the part of the platform that people can walk on; it normally terminates in the platform edge which faces the tracks.<br/></div>";Infrastruktur,Transferiert;Bahnhof;Bahnsteig;;;;;;;;;;
SBB;Liniennetz der SBB;https://data.sbb.ch/explore/dataset/linie;<p>Liniennetz der SBB</p><p>Sämtliche Anlagen werden an Linien verordnet. Diese Linien entsprechen ebenfalls denjenigen aus dem Kursbuch.</p><p><p>SBB's route network<br/>All installations are ordered on lines. These lines also correspond to those in the timetable.</p></p>;Infrastruktur,Verkehr,published ;Fahrplan;Linien;;;;;;;;;;
SBB;Haltestelle: Sektortafel;https://data.sbb.ch/explore/dataset/sektortafel;<p>Mittels der Sektoren werden Perrons in kleinere Bereiche aufgeteilt.</p><p>Sectorboards<br/>With the use of sectors the platform is divided in smaller areas.</p>;Infrastruktur,Bahnhof;Bahnhof;Bahnsteig;;;;;;;;;;
SBB;Mobiliar am Bahnhof;https://data.sbb.ch/explore/dataset/mobiliar-im-bahnhof;<p>Welches Mobiliar existiert am Bahnhof.</p><p>What furniture exists at a trainstation.</p>;Bahnhof;Bahnhof;Mobiliar;;;;;;;;;;
SBB;Aufzugzustand;https://data.sbb.ch/explore/dataset/aufzugzustand;<p>Zustand der Aufzüge und Rolltreppen in SBB Bahnhöfen, aktuell werden Bahnhöfe in Zürich abgedeckt.</p><p><br/>Aktualisierung alle 5 Minuten</p><p>Condition of lifts and escalators in SBB stations<br/>Updated every 5 minutes</p>;Infrastruktur,Immobilien,Bahnhof,Barrierefrei;Bahnhof;Rolltreppen;;;;;;;;;;
SBB;Generalabo / Halbtax – mit Bevölkerungsdaten;https://data.sbb.ch/explore/dataset/generalabo-halbtax-mit-bevolkerungsdaten;"<p>Die vierstelligen Postleitzahlen beziehen sich auf die im amtlichen Ortschaftenverzeichnis angegebenen Postleitzahlen: <a href=""https://www.cadastre.ch/de/services/service/plz.html"">https://www.cadastre.ch/de/services/service/plz.html</a> Institutionelle Postleitzahlen, die im Ortschaftenverzeichnis nicht angegeben sind, wurden einer Postleitzahl mit räumlichem Bezug zugeordnet (bspw. 3000 Bern 65 zu 3014 Bern). Eine Zuordnung zu den Gemeinden ist unter Verwendung der GWR-Korrespondenztabelle zwischen Postleitzahl und Gemeinde des Bundesamtes für Statistik möglich: <a href=""https://www.bfs.admin.ch/bfs/de/home/grundlagen/agvch/gwr-korrespondenztabelle.html"">https://www.bfs.admin.ch/bfs/de/home/grundlagen/agvch/gwr-korrespondenztabelle.html</a> </p><p><p>The four-digit postal codes refer to the postal codes given in the official list of localities: <a href=""https://www.cadastre.ch/de/services/service/plz.html"">https://www.cadastre.ch/de/services/service/plz.html</a> Institutional postal codes that are not given in the list of localities have been assigned to a postal code with spatial reference (e.g. 3000 Bern 65 to 3014 Bern). The GWR correspondence table between the postal code and the municipality of the Federal Statistical Office can be used to assign a postal code to the municipalities: <a href=""https://www.bfs.admin.ch/bfs/de/home/grundlagen/agvch/gwr-korrespondenztabelle.html"">https://www.bfs.admin.ch/bfs/de/home/grundlagen/agvch/gwr-korrespondenztabelle.html</a> </p></p>";Verkehr;Verkehr;Abonnemente;;;;;;;;;;
SBB;Verkehrsperiode Jahresformationen;https://data.sbb.ch/explore/dataset/verkehrsperiode-jahresformation;<p>Die Verkehrsperioden geben an, wann die Formation gilt.</p><p>Referenziert auf die Spalte VP der Jahresformation</p><p>- bedeutet keine Fahrt an diesem Tag</p><p>x bedeutet Fahrt an diesem Tag</p><p>Das Feld Version unterscheidet die verschiedenen Fahrplanperioden</p>;Verkehr,Rollmaterial;Fahrplan;Verkehrsperiode;;;;;;;;;;
SBB;Haltestelle: Services;https://data.sbb.ch/explore/dataset/service;"<p>Die grossen Bahnhöfe bieten Ihnen umfassende SBB Services zu attraktiven Öffnungszeiten an: vom Billettschalter, den Billettautomaten, den Schaltern für Eventtickets, Geldwechsel, Bargeldtransfer und Gepäckaufgabe bis zum SBB Reisebüro.</p><p><br/></p><p><span style=""font-size: 12.495px;"">The major stations offer you comprehensive SBB services at attractive opening times: from ticket counters, ticket machines, ticket counters for event tickets, money exchange, cash transfers and baggage check-in to SBB travel agencies.</span><br/></p>";Dienstleistung;Bahnhof;Öffnungszeiten;;;;;;;;;;
SBB;Haltestelle: Karte - Trafimage;https://data.sbb.ch/explore/dataset/haltestelle-karte-trafimage;"<p>Bahnhofpläne liefern Informationen zum Ein-, Aus- und Umsteigen, zeigen die  Serviceleistungen, das kommerzielle Angebot und die kombinierte Mobilität im und  um den Bahnhof.</p><p>Es gibt sie mittlerweile für mehr als 60 Stationen. Um alle Bahnhöfe zu sehen, die mit einem Plan ausgerüstet sind, bitte in die Karte hineinzoomen.</p><p>Alle Bahnhofpläne können im druckerfreundlichen Format A4 und als Plakat im Originalformat A1 bzw. A0 heruntergeladen werden. Bei den grössten Bahnhöfen gibt es für die Services, Läden, Restaurants und Büros ein separates Plakat «Shopping im Bahnhof».</p><p>Seit 2015 werden die grössten Bahnhöfe mit interaktiven Anwendungen für die mobile Nutzung ausgerüstet. Die Spalte „Online-Plan“ zeigt alle bisher realisierten Anwendungen.</p><p>Letzter/Last Update April 2020  <br/></p><p><strong>station: map - Trafimage</strong></p><p>Railwaystationmaps provide information to the boarding, deboarding and the transfer, shows the service feature, the commercial offer and the combined mobility at and around the railwaystation.</p><p>Meandwhile it exists for more than 60 station. To see all the Station which have a plan, zoom the map</p><p>All railwaymap can be downloaded as a printfriendly format A4 and as a poster in the originalformat A1 or rather A0. For the biggest railwaystation there are separate poster ""Shopping at the railwaystation"" containing the services, shops, restaurants and the offices.</p><p>Since 2015 the biggest railwaystation are equipped with interactive applications for the mobile use. The column ""Online-plan"" shows the  pervious application.</p><strong></strong>";Verkehr;Bahnhof;Lageplan;;;;;;;;;;
SBB;Jahresformation (Verkehrsperiode 2018);https://data.sbb.ch/explore/dataset/jahresformation-verkehrsperiode-2017;<p>Die Verkehrsperioden geben an, wann die Formation gilt.</p><p>Referenziert auf die Spalte VP der Jahresformation</p><p>- bedeutet keine Fahrt an diesem Tag</p><p>x bedeutet Fahrt an diesem Tag</p>;Verkehr,Rollmaterial;Fahrplan;Verkehrsperiode;;;;;;;;;;
SBB;Städtefahrplan;https://data.sbb.ch/explore/dataset/stadtefahrplan;<p>Taschenfahrplan einer Stadt.</p><p>Pocket timetable of a town.<br/></p><p>Letzter/ Last Update: 15.01.2021</p>;Verkehr;Fahrplan;Taschenfahrplan;;;;;;;;;;
SBB;Haltestelle: Perronkante;https://data.sbb.ch/explore/dataset/perronkante;<p>Gibt die Art des Perron, Höhe des Perrons und die Länge an.</p><p>Specifies the type of platform, the height of the platform and the length.<br/></p>;Infrastruktur;Bahnhof;Bahnsteig;;;;;;;;;;
SBB;Haltestelle: Mobilität;https://data.sbb.ch/explore/dataset/mobilitat;<p>Informationen zu Park+Rail, Veloparkplätzen, Railtaxi, Mietvelo, Carsharing inkl. Zahlsysteme.</p><p>Information about Park+Rail, bicycle parking, Railtaxi, rental bike, car sharing and payment systems. </p>;Dienstleistung;Sharing;Multimodal;;;;;;;;;;
SBB;Historische Bahnhofbilder / historical Pictures of trainstations;https://data.sbb.ch/explore/dataset/historische-bahnhofbilder;<p>historische Bilder von Bahnhöfen der Schweiz. Die Daten werden von SBB Historic zur Verfügung gestellt</p>;Bahnhof,Immobilien;Bahnhof;Bilder;;;;;;;;;;
SBB;Passagierfrequenz;https://data.sbb.ch/explore/dataset/passagierfrequenz;"Passagierfrequenzen der Bahnhöfe und Haltestellen SBB gemäss ""Ein-Aussteiger Datenbank""<br/>In den Zahlen sind die Ein- und Aussteigenden folgender Transportunternehmen enthalten: <br/>";Verkehr;Bahnhof;Passagierfrequenz;;;;;;;;;;
SBB;Wifi@Station;https://data.sbb.ch/explore/dataset/wifistation;<p>Information über Bahnhöfen, welche mit einem öffentlichen W-Lan der SBB ausgerüstet sind.</p><p>Which train station are connected to the public Wifi of SBB. </p>;Infrastruktur,Bahnhof;Bahnhof;WLAN;;;;;;;;;;
SBB;Haltestelle: Perronlänge (-körper);https://data.sbb.ch/explore/dataset/perron;<p>Das Perron ist der Teilbereich der Haltestelle, der durch ein höheres Niveau von den Gleisanlagen abgegrenzt ist. Es dient als Verkehrsfläche von ein- und aussteigenden sowie wartenden Fahrgästen. Perrons können in Sektoren unterteilt sein.</p><p>Dieser Datensatz enthält die Baulänge der Perrons. Diese kann sich von der effektiven Nutzlänge auf welcher ein und ausgestiegen werden kann unterscheiden.</p><div>The platform is the part of the station that is separated from the tracks by a higher level. It serves as a traffic area for boarding, alighting and waiting passengers. Perrons can be divided into sectors.</div><p>This data set contains the construction length of the platforms. This can differ from the effective useful length on which passengers can board and disembark.</p>;Infrastruktur,Bahnhof;Bahnhof;Bahnsteig;;;;;;;;;;
SBB;Jahresformation;https://data.sbb.ch/explore/dataset/jahresformation;<p>Die Formation ist die Zusammenstellung von Fahrzeugtypen zu einem Zug der SBB. Die Formation sagt nicht aus in welcher Richtung die Wagen aufgereiht sind (ob die Lokomotive an der Zugspitze oder am Zugsende aufgereiht ist).<p>Die Jahresformation ist die Zusammenstellung aller Formationen für eine Fahrplanperiode und wird mit dem Kursbuch veröffentlicht.</p><p>The formation is the combination of vehicle types to form an SBB train. The formation does not say in which direction the wagons are lined up (whether the locomotive is lined up at the top of the train or at the end of the train).</p><p>The annual formation is the compilation of all formations for a timetable period and is published with the timetable.</p><p><br/></p><p></p></p>;Verkehr,Rollmaterial;Infrastruktur;Zug;Formation;;;;;;;;;
SBB;Dienststellen (DiDok) gemäss opentransportdata.swiss;https://data.sbb.ch/explore/dataset/dienststellen-gemass-opentransportdataswiss;"<p>Liste der Haltestellen der Schweiz. Die Didok-Liste wird vom Bundesamt für Verkehr erstellt. Das Original kann unter <a href=""https://opendata.swiss/de/dataset/haltestellen-des-offentlichen-verkehrs"">https://opendata.swiss/de/dataset/haltestellen-des-offentlichen-verkehrs</a> bezogen werden.</p><p><br/></p>";Infrastruktur,Verkehr;Infrastruktur;Haltestelle;;;;;;;;;;
SBB;Haltestelle: Kontaktadressen;https://data.sbb.ch/explore/dataset/kontaktadressen;<p>Adresse, Mail, Fax zu den Services an der Haltestelle der SBB.</p><p>Address, e-mail, fax to the services at the SBB stop.<br/><br/></p>;Dienstleistung;Bahnhof;Kontakt;;;;;;;;;;
SBB;Kundenpünktlichkeit - Tag;https://data.sbb.ch/explore/dataset/kundenpunktlichkeit-tag;<p>Täglich aktualisierte Liste der Pünktlichkeit der SBB</p>;Verkehr;Fahrplan;Pünktlichkeit;;;;;;;;;;
SBB;Kundenpünktlichkeit - Monat;https://data.sbb.ch/explore/dataset/kundenpunktlichkeit-monat;<p>Monatlich aktualisierte Liste der kundengewichteten Pünktlichkeit</p>;Verkehr;Fahrplan;Pünktlichkeit;;;;;;;;;;
SBB;Haltestelle: Nebenbetriebe;https://data.sbb.ch/explore/dataset/nebenbetriebe;<p>Liste von weiteren Betrieben (Kiosk, Bäckerei, Touristoffice) in SBB Bahnhöfen.</p><p>List of other establishments (kiosk, bakery, tourist office) in SBB railway stations.</p>;Dienstleistung;Bahnhof;Einkaufen;;;;;;;;;;
SBB;Soll/Ist Vergleich Abfahrts-/Ankunftszeiten SBB (Vortag);https://data.sbb.ch/explore/dataset/ist-daten-sbb;"<p>Soll/Ist Vergleich Abfahrts-/Ankunftszeiten SBB: sind Daten des vorangehenden Tages. Die Daten stammen von <a href=""https://www.opentransportdata.swiss"">https://www.opentransportdata.swiss</a></p>";Verkehr;Fahrplan;Sollfahrplan;Istfahrplan;;;;;;;;;
SBB;Zugverkehrsinformationen;https://data.sbb.ch/explore/dataset/rail-traffic-information;<p>Bahnverkehrsinformationen werden alle 5 Minuten aktualisiert. Sie enthalten die wichtigsten Meldungen zum Bahnverkehr in der Schweiz.</p><p>Rail traffic information is updated every 5 minutes. They contain the most important information on rail traffic in Switzerland.</p><p><strong></strong></p>;Verkehr,Dienstleistung;Fahrplan;Verkehrsinformationen;;;;;;;;;;
Opentransportdata;Ist-Daten (actual data);https://opentransportdata.swiss/de/dataset/istdaten;Es wird die effektiv gefahrene Leistung ausgegeben. Dort wo es keine real vorhandenen Daten gibt, wird die letzte Prognose verwendet. ;;Fahrplan;Istfahrplan;;;;;;;;;;
Opentransportdata;DiDok;https://opentransportdata.swiss/de/dataset/didok;DiDok steht für Dienststellendokumentation. Bei den Daten handelt es sich um einen Auszug aller in der Schweiz gültigen Betriebspunkte (inkl. Haltestellen) und Verkehrspunktelemente (Haltekanten & Haltestellenbereiche).;;Infrastruktur;Haltestelle;;;;;;;;;;
Opentransportdata;Bestandsaufnahme BehiG;https://opentransportdata.swiss/de/dataset/prm_data;Im Rahmen der Behindertengleichstellungsgesetzes (BehiG) sind die konzessionierten Unternehmen des öffentlichen Verkehrs verpflichtet, Daten über die Barrierefreiheit der öV-Haltepunkte zu erfassen. Diese Rohdaten werden hier publiziert.;;Infrastruktur;Accessibility;;;;;;;;;;
Opentransportdata;Geschäftsorganisationen (business organisations);https://opentransportdata.swiss/de/dataset/goch;Die Geschäftsorganisationen stellen eine organisatorische Strukturierung der Transportunternehmen nach abrechnungstechnischen und kundinformativen Merkmalen dar.;;Glossar;Transportunternehmen;;;;;;;;;;
Opentransportdata;BAV_Liste;https://opentransportdata.swiss/de/dataset/bav_liste;Die Liste der Stations- und Haltestellennamen wird im Zusammenhang mit der Fahrplangestaltung publiziert. Dies im Auftrag des Bundesamts für Verkehr (BAV). Die Daten werden täglich direkt aus DiDok exportiert und in zwei Ausführungen publiziert:;;Bahnhof;Haltestellen;;;;;;;;;;
Opentransportdata;Fahrplan 2021 (HRDF) Format 5.2;https://opentransportdata.swiss/de/dataset/timetable-2021-hrdf;Bitte wechseln Sie zeitnah zum Format 5.4. Das Format 5.2. wird nur noch für den FP 2021 zur Verfügung stehen. Der Fahrplan enthält die grundlegenden topologischen, sowie die zeitlichen Element, die eine Fahrplandarstellung und -auskunft ermöglichen. Der Fahrplan wird mittels des General Transit Feed Specification Format (GTFS) zur Verfügung gestellt.;;Fahrplan;Sollfahrplan;HRDF;2021;;;;;;;;
Opentransportdata;Fahrplan 2021 (HRDF) Format 5.4;https://opentransportdata.swiss/de/dataset/timetable-54-2021-hrdf;Der Fahrplan enthält die grundlegenden topologischen, sowie die zeitlichen Element, die eine Fahrplandarstellung und -auskunft ermöglichen.;;Fahrplan;Sollfahrplan;HRDF;2021;;;;;;;;
Opentransportdata;Fahrplan 2021 (GTFS2020);https://opentransportdata.swiss/de/dataset/timetable-2021-gtfs2020;Der Fahrplan enthält die grundlegenden topologischen, sowie die zeitlichen Element, die eine Fahrplandarstellung und -auskunft ermöglichen. Der Fahrplan wird mittels des General Transit Feed Specification Format (GTFS) zur Verfügung gestellt. Verwenden Sie immer das GTFS und das GTFS-RT, die zusammengehören. Ansonsten funktionieren die Referenzen nicht.;;Fahrplan;Sollfahrplan;GTFS;2021;;;;;;;;
Opentransportdata;Verkehrszähler (Strassenverkehr);https://opentransportdata.swiss/de/dataset/trafficcounters;Stammdaten der Verkehrszähler entlang wichtiger Schweizer Strassen. Verkehrszähler befinden sich entlang wichtiger Strassensegmente, um alle Verkehrsbewegungen pro Richtung und Zeit zu messen. Sie können die Geschwindigkeit aller Fahrzeuge, die bestimmte Orte überqueren, zählen, klassifizieren und bestimmen.;;Verkehr;Strassenverkehr;;;;;;;;;;
Opentransportdata;GTFS Realtime;https://opentransportdata.swiss/de/dataset/gtfsrt;"GTFS Realtime ist einer Erweiterung zu GTFS static. Es wird der Feed ""Trip Updates"" für die Transportunternehmen angeboten, die Realtime einliefern. Verwenden Sie immer das GTFS und das GTFS-RT, die zusammengehören. Ansonsten funktionieren die Referenzen nicht.";;Fahrplan;Echtzeit;GTFS;;;;;;;;;
Opentransportdata;Fahrplan 2021 (NeTEx) - Alphatest;https://opentransportdata.swiss/de/dataset/timetable-2021-netex-alpha;Der Fahrplan enthält die grundlegenden topologischen, sowie die zeitlichen Element, die eine Fahrplandarstellung und -auskunft ermöglichen. Dies ist ein erster Testdatensatz in NeTEx. Er umfasst den westlichen Teil der Schweiz.;;Fahrplan;Sollfahrplan;NeTEx;2021;;;;;;;;
Opentransportdata;Geschäftsorganisationen mit Echtzeit;https://opentransportdata.swiss/de/dataset/go-realtime;Die Liste enthält alle Transportunternehmen/Geschäftsorganisationen, für die Echtzeit vorliegt.;;Verkehr;Transportunternehmen;Echtzeit;;;;;;;;;
Opentransportdata;Anzahl Züge auf den Abschnitten der Eisenbahnstreckennetze;https://opentransportdata.swiss/de/dataset/zugzahlen;Der Datensatz umfasst die Abschnitte der Eisenbahnstreckennetze folgender Infrastrukturbetreiberinnen: Seitens DB sind nur Angaben für die Streckenabschnitte im Bereich Basel Badischer Bahnhof enthalten, zudem können diese Angaben unvollständig sein. Streckenabschnitte, die von anderen Infrastrukturbetreibern bewirtschaftet werden, beispielsweise der Matterhorn Gotthard Bahn MGB, des Regionalverkehrs Bern-Solothurn RBS, der Sihltal Zürich Uetliberg Bahn SZU oder der Rhätischen Bahn RhB sind nicht enthalten. Die Angaben zur Anzahl Züge umfassen die Personenverkehrs- und Güterverkehrszüge aller Eisenbahnverkehrsunternehmen, die den jeweiligen Streckenabschnitt befahren haben.;;Infrastruktur;Strecke;;;;;;;;;;
Opentransportdata;Fahrplanentwurf 54 (HRDF);https://opentransportdata.swiss/de/dataset/timetable-54-draft-hrdf;Dieser Fahrplan ist noch in Planung. Die Daten können bis zur definitiven Publikation noch ändern.;;Fahrplan;Sollfahrplan;HRDF;2021;Entwurf;;;;;;;
Opentransportdata;Fahrplanentwurf (GTFS);https://opentransportdata.swiss/de/dataset/timetable-draft-gtfs;Dieser Fahrplan ist noch in Planung. Die Daten können bis zur definitiven Publikation noch ändern.;;Fahrplan;Sollfahrplan;GTFS;2021;Entwurf;;;;;;;
Opentransportdata;Fahrplan 2020 (HRDF) 5.2;https://opentransportdata.swiss/de/dataset/timetable-2020-hrdf;Der Fahrplan enthält die grundlegenden topologischen, sowie die zeitlichen Element, die eine Fahrplandarstellung und -auskunft ermöglichen.;;Fahrplan;Sollfahrplan;HRDF;2020;;;;;;;;
Opentransportdata;Fahrplan 2020 (HRDF) Format 5.40;https://opentransportdata.swiss/de/dataset/timetable-54-2020-hrdf;Der Fahrplan enthält die grundlegenden topologischen, sowie die zeitlichen Element, die eine Fahrplandarstellung und -auskunft ermöglichen.;;Fahrplan;Sollfahrplan;HRDF;2020;;;;;;;;
Opentransportdata;Standorte und Verfügbarkeit von Shared Mobility Angeboten;https://opentransportdata.swiss/de/dataset/sharedmobility;Unter Shared Mobility versteht man die gemeinsame, geteilte Nutzung von Verkehrsmitteln wie Autos, Taxis, Velos, E-Bikes, Cargobikes, Scooter/E-Trottis etc. Diese werden dabei nicht mehr als individuelle sondern als gemeinschaftliche Besitzgüter verstanden, auf welche je nach Bedarf zugegriffen werden kann. So wird Mobilität zur Dienstleistung (Mobility as a Service, MaaS). Shared Mobility ermöglicht eine bedarfsgerechte, kostengünstige sowie ressourcenschonende und energieeffizente Fortbewegung. In der Schweiz stellen diverse Anbietende umfangreiche Shared Mobility Angebote bereit. Über Apps oder Buchungsplattformen der Anbietenden kann ein Fahrzeug schnell und einfach gebucht und verwendet werden. Durch die geschickte Kombination von verschiedenen Verkehrsmitteln entstehen Lösungen für die gesamte Mobilitätskette, wodurch eine digitalisierte und nachhaltige Mobilität entsteht. Dieser Datensatz zeigt die Standorte und Verfügbarkeit von Shared Mobility-Angeboten in Echtzeit. Weitere Informationen zum Download der Daten sowie den angeschlossenen Shared Mobility-Anbietenden findet man unter: www.sharedmobility.ch/info;;Sharing;Multimodal;;;;;;;;;;
Opentransportdata;Fahrplan 2020 (GTFS2020);https://opentransportdata.swiss/de/dataset/timetable-2020-gtfs2020;"Der Fahrplan enthält die grundlegenden topologischen, sowie die zeitlichen Element, die eine Fahrplandarstellung und -auskunft ermöglichen. Der Fahrplan wird mittels des General Transit Feed Specification Format (GTFS) zur Verfügung gestellt. Dieser Fahrplan wird für das neue GTFS RT 2020 verwendet.
Verwenden Sie immer das GTFS und das GTFS-RT, die zusammengehören. Ansonsten funktionieren die Referenzen nicht.";;Fahrplan;Sollfahrplan;GTFS;2020;;;;;;;;
Opentransportdata;Fahrtprognose (trip forecast);https://opentransportdata.swiss/de/dataset/fahrtprognose;"Mit den API können für spezifische Fahrten Echtzeitdaten abgefragt werden: Mit der API ""TripRequest"" kann anhand einer Start- und Zielhaltestelle für eine Fahrt ohne Umstieg Echtzeit abgefragt werden.
* Mit der API ""TripInfo"" kann anhand der FahrtID Echtzeit abgefragt werden.";;Betrieb;Echtzeitfahrten;;;;;;;;;;
Opentransportdata;Abfahrts-/Ankunftsanzeiger (departure/arrival display);https://opentransportdata.swiss/de/dataset/aaa;Die API des Abfahrts-, bzw. Ankunftsanzeigers bietet die Möglichkeit für eine Haltestelle die Abfahrten, bzw. Ankünfte für einen Zeitpunkt abzufragen. Dort wo es Echtzeit gibt, wird Echtzeit mitgeliefert.;;Fahrplan;Anzeige;;;;;;;;;;
Opentransportdata;Fahrplan 2020 (GTFS);https://opentransportdata.swiss/de/dataset/timetable-2020-gtfs;"Der Fahrplan enthält die grundlegenden topologischen, sowie die zeitlichen Element, die eine Fahrplandarstellung und -auskunft ermöglichen. Der Fahrplan wird mittels des General Transit Feed Specification Format (GTFS) zur Verfügung gestellt.
. Es gilt zu beachten, dass ab dem 6. Juli ein 2. GTFS zur Verfügung steht. dieses wird für die GTFS-RT 2020 verwendet. Ein Wechsel bis Ende Juli 2020 ist dringend empfohlen. Verwenden Sie immer das GTFS und das GTFS-RT, die zusammengehören. Ansonsten funktionieren die Referenzen nicht.";;Fahrplan;Sollfahrplan;GTFS;2020;;;;;;;;
Opentransportdata;Open Journey Planner 2020;https://opentransportdata.swiss/de/dataset/ojp2020;OJP ist das API eines Routenplanners. Mit dem API können Trips geplant werden, Fahrten nachverfolgt, Abfahrts- und Ankunftsanzeiger gebaut werden. OJP arbeitet von Koordinate zu Koordinate, Adresse zu Adresse;;Fahrplan;Anzeige;;;;;;;;;;
Opentransportdata;Verkehrszähler (Strassenverkehr) - Echtzeit;https://opentransportdata.swiss/de/dataset/trafficcountersrealtime;Echtzeitdaten sind ausschliesslich via API zu beziehen. Die Stammdaten sind auch unter https://opentransportdata.swiss/de/dataset/trafficcounters verfügbar;;Verkehr;Strassenverkehr;Echtzeit;;;;;;;;;
Opentransportdata;Verkehrsmittel- und Hinweislisten;https://opentransportdata.swiss/de/dataset/verkehrsmittellisten;Die Verkehrsmittel- und Hinweislisten beziehen sich auf das Produkt 06 Harmonisierung Verkehrsmittel der Vorschrift 580 – FIScommun (leider nur in Französisch und Deutsch verfügbar). Fachliche Details können direkt dort entnommen werden. Das File Transportmodes entspricht der Verkehrsmittelkategorie/Catégorie de moyen de transport, das File TransportSubmodes entspricht der Angebotskategorie/Catégorie d’offre und das File Hints entspricht den Beförderungshinweise, Angebotshinweise und Informationen/Indications de transport, indications d’offre et informations. Die Verkehrsmittel- und Hinweislisten steuern die Verwendung auf allen Schnittstellen der Systemführerschaft.;;Glossar;Abkürzungen;Übersetzung;;;;;;;;;
Opentransportdata;Fahrplan 2019 (GTFS);https://opentransportdata.swiss/de/dataset/timetable-2019-gtfs;Der Fahrplan enthält die grundlegenden topologischen, sowie die zeitlichen Element, die eine Fahrplandarstellung und -auskunft ermöglichen. Der Fahrplan wird mittels des General Transit Feed Specification Format (GTFS) zur Verfügung gestellt.;;Fahrplan;Sollfahrplan;GTFS;2019;;;;;;;;
Opentransportdata;Fahrplan 2019 (HRDF);https://opentransportdata.swiss/de/dataset/timetable-2019-hrdf;Der Fahrplan enthält die grundlegenden topologischen, sowie die zeitlichen Element, die eine Fahrplandarstellung und -auskunft ermöglichen. Der Fahrplan wird mittels des HAFAS Rohdatenformat (HRDF) zur Verfügung gestellt.;;Fahrplan;Sollfahrplan;HRDF;2019;;;;;;;;
Opentransportdata;Ein- und Aussteigende;https://opentransportdata.swiss/de/dataset/einundaus;Ein- und Aussteigende an den Bahnhöfen und Haltestellen;;Bahnhof;Passagierfrequenz;;;;;;;;;;
Opentransportdata;Fahrplan 2018 (HRDF);https://opentransportdata.swiss/de/dataset/timetable-2018-hrdf;Der Fahrplan enthält die grundlegenden topologischen, sowie die zeitlichen Element, die eine Fahrplandarstellung und -auskunft ermöglichen. Der Fahrplan wird mittels des HAFAS Rohdatenformat (HRDF) zur Verfügung gestellt.;;Fahrplan;Sollfahrplan;HRDF;2018;;;;;;;;
Opentransportdata;Fahrplan 2018 (GTFS);https://opentransportdata.swiss/de/dataset/timetable-2018-gtfs;Der Fahrplan enthält die grundlegenden topologischen, sowie die zeitlichen Element, die eine Fahrplandarstellung und -auskunft ermöglichen. Der Fahrplan wird mittels des General Transit Feed Specification Format (GTFS) zur Verfügung gestellt.;;Fahrplan;Sollfahrplan;GTFS;2018;;;;;;;;
Opentransportdata;Fahrplanentwurf 2019 (HRDF);https://opentransportdata.swiss/de/dataset/timetable-2019-hrdf-draft;Dieser Fahrplan ist noch in Planung. Die Daten können bis zur definitiven Publikation noch ändern.;;Fahrplan;Sollfahrplan;HRDF;2019;;;;;;;;
Opentransportdata;Fahrplanentwurf 2018 (HRDF);https://opentransportdata.swiss/de/dataset/timetable-2018-hdrf-draft;Dieser Fahrplan war zur zeit der Publikation noch in Planung. Die Daten weisen aus diesem Grund ggf. noch Unterschiede zum aktuellen Fahrplan auf.;;Fahrplan;Sollfahrplan;HRDF;2018;;;;;;;;
Opentransportdata;Fahrplan 2018 (GTFS);https://opentransportdata.swiss/de/dataset/timetable-2018-gtfs;Der Fahrplan enthält die grundlegenden topologischen, sowie die zeitlichen Element, die eine Fahrplandarstellung und -auskunft ermöglichen. Der Fahrplan wird mittels des General Transit Feed Specification Format (GTFS) zur Verfügung gestellt.;;Fahrplan;Sollfahrplan;GTFS;2018;;;;;;;;
Opentransportdata;Fahrplanentwurf 2019 (HRDF);https://opentransportdata.swiss/de/dataset/timetable-2019-hrdf-draft;Dieser Fahrplan ist noch in Planung. Die Daten können bis zur definitiven Publikation noch ändern.;;Fahrplan;Sollfahrplan;HRDF;2019;;;;;;;;
Opentransportdata;Fahrplanentwurf 2018 (HRDF);https://opentransportdata.swiss/de/dataset/timetable-2018-hdrf-draft;Dieser Fahrplan war zur zeit der Publikation noch in Planung. Die Daten weisen aus diesem Grund ggf. noch Unterschiede zum aktuellen Fahrplan auf.;;Fahrplan;Sollfahrplan;HRDF;2018;;;;;;;;
Opentransportdata;Fahrplan 2017 (GTFS);https://opentransportdata.swiss/de/dataset/timetable-2017-gtfs;Der Fahrplan enthält die grundlegenden topologischen, sowie die zeitlichen Element, die eine Fahrplandarstellung und -auskunft ermöglichen. Der Fahrplan wird mittels des General Transit Feed Specification Format (GTFS) zur Verfügung gestellt.;;Fahrplan;Sollfahrplan;GTFS;2017;;;;;;;;
Opentransportdata;Fahrplan Überblick (timetable overview);https://opentransportdata.swiss/de/dataset/timetabeloverview;Das File gibt einen Überblick über die vorhandenen Fahrplandaten, deren Status, Gültigkeit und dem dazugehörigen Permalink. Es bietet dadurch die Möglichkeit Daten über den Fahrplanwechsel automatisiert zu beziehen.;;Fahrplan;Anzeige;;;;;;;;;;
Opentransportdata;Fahrplan 2017 (HRDF);https://opentransportdata.swiss/de/dataset/timetable-2017-hrdf;Der Fahrplan enthält die grundlegenden topologischen, sowie die zeitlichen Element, die eine Fahrplandarstellung und -auskunft ermöglichen. Der Fahrplan wird mittels des HAFAS Rohdatenformat (HRDF) zur Verfügung gestellt.;;Fahrplan;Sollfahrplan;HRDF;2017;;;;;;;;
Opentransportdata;Bahnhofsliste (station list);https://opentransportdata.swiss/de/dataset/bhlist;Bei der Bahnhofsliste handelt es sich um zwei Dateien aus dem Fahrplan (HRDF). Sie dient zur Identifikation von Haltestellen fürs API StopEvent;;Bahnhof;Haltestellen;;;;;;;;;;
Opentransportdata;Fahrplan 2016 (HRDF);https://opentransportdata.swiss/de/dataset/timetable-2016-hrdf;Der Fahrplan enthält die grundlegenden topologischen, sowie die zeitlichen Element, die eine Fahrplandarstellung und -auskunft ermöglichen. Der Fahrplan wird mittels des HAFAS Rohdatenformat (HRDF) zur Verfügung gestellt.;;Fahrplan;Sollfahrplan;HRDF;2016;;;;;;;;
Opentransportdata;Fahrplan 2016 (GTFS);https://opentransportdata.swiss/de/dataset/timetable-2016-gtfs;Der Fahrplan enthält die grundlegenden topologischen, sowie die zeitlichen Element, die eine Fahrplandarstellung und -auskunft ermöglichen. Der Fahrplan wird mittels des General Transit Feed Specification Format (GTFS) zur Verfügung gestellt.;;Fahrplan;Sollfahrplan;GTFS;2016;;;;;;;;
OpendataÖPNV;Deutschlandweite Sollfahrplandaten (GTFS);https://www.opendata-oepnv.de/ht/de/organisation/delfi/startseite?tx_vrrkit_view%5Bdataset_name%5D=deutschlandweite-sollfahrplandaten-gtfs&tx_vrrkit_view%5Baction%5D=details&tx_vrrkit_view%5Bcontroller%5D=View;Die Fahrplansolldaten aus den Landesauskunftssystemen werden in der DELFI-Integrationsplattform (DIP) zu einem Datenpool zusammengeführt. Durch einen Datenexport aus der DIP entsteht auf dieser Basis der deutschlandweite, routingfähige DELFI-Datensatz (hier im GTFS-Format).;;Fahrplan;Sollfahrplan;GTFS;;;;;;;;;
OpendataÖPNV;Deutschlandweite Sollfahrplandaten (NeTEX);https://www.opendata-oepnv.de/ht/de/organisation/delfi/startseite?tx_vrrkit_view%5Bdataset_name%5D=deutschlandweite-sollfahrplandaten&tx_vrrkit_view%5Bdataset_formats%5D%5B0%5D=ZIP&tx_vrrkit_view%5Baction%5D=details&tx_vrrkit_view%5Bcontroller%5D=View;Die Fahrplansolldaten aus den Landesauskunftssystemen werden in der DELFI-Integrationsplattform (DIP) zu einem Datenpool zusammengeführt. Durch einen Datenexport aus der DIP entsteht auf dieser Basis der deutschlandweite, routingfähige DELFI-Datensatz (hier im NeTEX-Format, dem europäischen Standard für Fahrplandaten).;;Fahrplan;Sollfahrplan;NeTEX;;;;;;;;;
OpendataÖPNV;Deutschlandweite Haltestellendaten;https://www.opendata-oepnv.de/ht/de/organisation/delfi/startseite?tx_vrrkit_view%5Bdataset_name%5D=deutschlandweite-haltestellendaten&tx_vrrkit_view%5Bdataset_formats%5D%5B0%5D=ZIP&tx_vrrkit_view%5Baction%5D=details&tx_vrrkit_view%5Bcontroller%5D=View;Die Daten aus dem Zentralen Haltestellenverzeichnis (ZHV) stehen allen interessierten Nutzern kostenlos per Download zur Verfügung. Sie dürfen für die Fahrgastinformation sowohl im Druck als auch elektronisch genutzt, angezeigt und weiterverarbeitet werden. Gemeinsam mit den Datenlieferanten aus den unterschiedlichen Regionen und Ländern sorgen wir dafür, dass die ZHV-Daten in hoher Qualität und aktuell vorliegen.;;Infrastruktur;Betriebsstellen;Haltestelle;Koordinaten;;;;;;;;
opendataportalat;CarSharing in Österreich;https://data.opendataportal.at/dataset/carsharing-in-osterreich;Datenbank der in Österreich existierenden CarSharing-Angebote (kommerzielle Angebote, Peer-to-Peer-Plattformen und „soziales CarSharing“) mit Angaben zum Typ des Angebots, Webseite, Tarif, Fahrzeug etc.;;Sharing;Auto;;;;;;;;;;
DB;Bahnhofsfotos - v1;https://developer.deutschebahn.com/store/apis/info?name=Bahnhofsfotos&version=v1&provider=DBOpenData;Backend Service for the  App of the Bahnhofsfotos opendata Project .;DBOpenData;Bahnhof;Bilder;;;;;;;;;;